Amino acids,AbsRelDiff
cys,0.241472897487162
ser,0.14223354097007
gln,0.135024424282417
trp,0.131223520816959
leu,0.122779827430262
phe,0.114242278029784
asp,0.095768923072276
glu,0.0891548635472077
met,0.0856991947454168
lys,0.0743907359832245
val,0.0661970217315402
ile,0.0626070633392912
thr,0.0539537922422273
his,0.0523183705952621
gly,0.0487203421665086
asn,0.0465476418791013
tyr,0.0230095242671895
arg,0.0204831342162517
ala,0.0193473658807289
pro,0.013410212468411
